questionId,imageUrl
151,/images/question_151.jpeg
155,/images/question_155.jpeg
159,/images/question_159.jpeg
163,/images/question_163.jpeg
167,/images/question_167.jpeg
171,/images/question_171.jpeg
175,/images/question_175.jpeg
179,/images/question_179.jpeg
183,/images/question_183.jpeg
187,/images/question_187.jpeg
191,/images/question_191.jpeg
195,/images/question_195.jpeg
199,/images/question_199.jpeg
203,/images/question_203.jpeg
207,/images/question_207.jpeg
211,/images/question_211.jpeg
215,/images/question_215.jpeg
219,/images/question_219.jpeg
223,/images/question_223.jpeg
227,/images/question_227.jpeg
231,/images/question_231.jpeg
235,/images/question_235.jpeg
239,/images/question_239.jpeg
241,/images/question_241.jpeg
334,/images/question_334.jpeg
337,/images/question_337.jpeg
340,/images/question_340.jpeg
342,/images/question_342.jpeg
345,/images/question_345.jpeg
346,/images/question_346.jpeg
348,/images/question_348.jpeg
351,/images/question_351.jpeg
354,/images/question_354.jpeg
356,/images/question_356.jpeg
358,/images/question_358.jpeg
361,/images/question_361.jpeg
364,/images/question_364.jpeg
366,/images/question_366.jpeg
369,/images/question_369.jpeg
371,/images/question_371.jpeg
373,/images/question_373.jpeg
375,/images/question_375.jpeg
377,/images/question_377.jpeg
379,/images/question_379.jpeg
381,/images/question_381.jpeg
383,/images/question_383.jpeg
385,/images/question_385.jpeg
387,/images/question_387.jpeg
389,/images/question_389.jpeg
391,/images/question_391.jpeg
394,/images/question_394.jpeg
396,/images/question_396.jpeg
398,/images/question_398.jpeg
400,/images/question_400.jpeg
402,/images/question_402.jpeg
404,/images/question_404.jpeg
406,/images/question_406.jpeg
408,/images/question_408.jpeg
410,/images/question_410.jpeg
412,/images/question_412.jpeg
414,/images/question_414.jpeg
416,/images/question_416.jpeg
418,/images/question_418.jpeg
420,/images/question_420.jpeg
422,/images/question_422.jpeg
424,/images/question_424.jpeg
426,/images/question_426.jpeg
428,/images/question_428.jpeg
430,/images/question_430.jpeg
431,/images/question_431.jpeg
434,/images/question_434.jpeg
436,/images/question_436.jpeg
438,/images/question_438.jpeg
440,/images/question_440.jpeg
442,/images/question_442.jpeg
444,/images/question_444.jpeg
446,/images/question_446.jpeg
448,/images/question_448.jpeg
450,/images/question_450.jpeg
452,/images/question_452.jpeg
454,/images/question_454.jpeg
456,/images/question_456.jpeg