questionId,imageUrl,originalFile
131,/images/question_131.jpeg,image1.jpeg
132,/images/question_132.jpeg,image10.jpeg
133,/images/question_133.jpeg,image100.jpeg
134,/images/question_134.jpeg,image101.jpeg
135,/images/question_135.jpeg,image102.jpeg
136,/images/question_136.jpeg,image103.jpeg
137,/images/question_137.jpeg,image104.jpeg
138,/images/question_138.jpeg,image105.jpeg
139,/images/question_139.jpeg,image106.jpeg
140,/images/question_140.jpeg,image107.jpeg
141,/images/question_141.jpeg,image108.jpeg
142,/images/question_142.jpeg,image109.jpeg
143,/images/question_143.jpeg,image11.jpeg
144,/images/question_144.jpeg,image110.jpeg
145,/images/question_145.jpeg,image111.jpeg
146,/images/question_146.jpeg,image112.jpeg
147,/images/question_147.jpeg,image113.jpeg
148,/images/question_148.jpeg,image114.jpeg
149,/images/question_149.jpeg,image115.jpeg
150,/images/question_150.jpeg,image116.jpeg
151,/images/question_151.jpeg,image117.jpeg
152,/images/question_152.jpeg,image118.jpeg
153,/images/question_153.jpeg,image119.jpeg
154,/images/question_154.jpeg,image12.jpeg
155,/images/question_155.jpeg,image120.jpeg
156,/images/question_156.jpeg,image121.jpeg
157,/images/question_157.jpeg,image122.jpeg
158,/images/question_158.jpeg,image123.jpeg
159,/images/question_159.jpeg,image124.jpeg
160,/images/question_160.jpeg,image125.jpeg
161,/images/question_161.jpeg,image126.jpeg
162,/images/question_162.jpeg,image127.jpeg
163,/images/question_163.jpeg,image128.jpeg
164,/images/question_164.jpeg,image129.jpeg
165,/images/question_165.jpeg,image13.jpeg
166,/images/question_166.jpeg,image130.jpeg
167,/images/question_167.jpeg,image131.jpeg
168,/images/question_168.jpeg,image132.jpeg
169,/images/question_169.jpeg,image133.jpeg
170,/images/question_170.jpeg,image134.jpeg
171,/images/question_171.jpeg,image135.jpeg
172,/images/question_172.jpeg,image136.jpeg
173,/images/question_173.jpeg,image137.jpeg
174,/images/question_174.jpeg,image138.jpeg
175,/images/question_175.jpeg,image139.jpeg
176,/images/question_176.jpeg,image14.jpeg
177,/images/question_177.jpeg,image140.jpeg
178,/images/question_178.jpeg,image141.jpeg
179,/images/question_179.jpeg,image142.jpeg
180,/images/question_180.jpeg,image143.jpeg
181,/images/question_181.jpeg,image144.jpeg
182,/images/question_182.jpeg,image145.jpeg
183,/images/question_183.jpeg,image146.jpeg
184,/images/question_184.jpeg,image147.jpeg
185,/images/question_185.jpeg,image148.jpeg
186,/images/question_186.jpeg,image149.jpeg
187,/images/question_187.jpeg,image15.jpeg
188,/images/question_188.jpeg,image150.jpeg
189,/images/question_189.jpeg,image151.jpeg
190,/images/question_190.jpeg,image152.jpeg
191,/images/question_191.jpeg,image153.jpeg
192,/images/question_192.jpeg,image154.jpeg
193,/images/question_193.jpeg,image155.jpeg
194,/images/question_194.jpeg,image156.jpeg
195,/images/question_195.jpeg,image157.jpeg
196,/images/question_196.jpeg,image158.jpeg
197,/images/question_197.jpeg,image159.jpeg
198,/images/question_198.jpeg,image16.jpeg
199,/images/question_199.jpeg,image160.jpeg
200,/images/question_200.jpeg,image161.jpeg
201,/images/question_201.jpeg,image162.jpeg
202,/images/question_202.jpeg,image163.jpeg
203,/images/question_203.jpeg,image164.jpeg
204,/images/question_204.jpeg,image165.jpeg
205,/images/question_205.jpeg,image166.jpeg
206,/images/question_206.jpeg,image167.jpeg
207,/images/question_207.jpeg,image168.jpeg
208,/images/question_208.jpeg,image169.jpeg
209,/images/question_209.jpeg,image17.jpeg
210,/images/question_210.jpeg,image170.jpeg
211,/images/question_211.jpeg,image171.jpeg
212,/images/question_212.jpeg,image172.jpeg
213,/images/question_213.jpeg,image173.jpeg
214,/images/question_214.jpeg,image174.jpeg
215,/images/question_215.jpeg,image175.jpeg
216,/images/question_216.jpeg,image176.jpeg
217,/images/question_217.jpeg,image177.jpeg
218,/images/question_218.jpeg,image178.jpeg
219,/images/question_219.jpeg,image179.jpeg
220,/images/question_220.jpeg,image18.jpeg
221,/images/question_221.jpeg,image180.jpeg
222,/images/question_222.jpeg,image181.jpeg
223,/images/question_223.jpeg,image182.jpeg
224,/images/question_224.jpeg,image183.jpeg
225,/images/question_225.jpeg,image184.jpeg
226,/images/question_226.jpeg,image185.jpeg
227,/images/question_227.jpeg,image186.jpeg
228,/images/question_228.jpeg,image187.jpeg
229,/images/question_229.jpeg,image188.jpeg
230,/images/question_230.jpeg,image189.jpeg
231,/images/question_231.jpeg,image19.jpeg
232,/images/question_232.jpeg,image190.jpeg
233,/images/question_233.jpeg,image191.jpeg
234,/images/question_234.jpeg,image192.jpeg
235,/images/question_235.jpeg,image193.jpeg
236,/images/question_236.jpeg,image194.jpeg
237,/images/question_237.jpeg,image195.jpeg
238,/images/question_238.jpeg,image196.jpeg
239,/images/question_239.jpeg,image197.jpeg
240,/images/question_240.jpeg,image198.jpeg
331,/images/question_331.jpeg,image199.jpeg
332,/images/question_332.jpeg,image2.jpeg
333,/images/question_333.jpeg,image20.jpeg
334,/images/question_334.jpeg,image200.jpeg
335,/images/question_335.jpeg,image201.jpeg
336,/images/question_336.jpeg,image202.jpeg
337,/images/question_337.jpeg,image203.jpeg
338,/images/question_338.jpeg,image204.jpeg
339,/images/question_339.jpeg,image205.jpeg
340,/images/question_340.jpeg,image206.jpeg
341,/images/question_341.jpeg,image207.jpeg
342,/images/question_342.jpeg,image208.jpeg
343,/images/question_343.jpeg,image209.jpeg
344,/images/question_344.jpeg,image21.jpeg
345,/images/question_345.jpeg,image210.jpeg
346,/images/question_346.jpeg,image211.jpeg
347,/images/question_347.jpeg,image212.jpeg
348,/images/question_348.jpeg,image213.jpeg
349,/images/question_349.jpeg,image214.jpeg
350,/images/question_350.jpeg,image215.jpeg
351,/images/question_351.jpeg,image216.jpeg
352,/images/question_352.jpeg,image217.jpeg
353,/images/question_353.jpeg,image218.jpeg
354,/images/question_354.jpeg,image219.jpeg
355,/images/question_355.jpeg,image22.jpeg
356,/images/question_356.jpeg,image220.jpeg
357,/images/question_357.jpeg,image221.jpeg
358,/images/question_358.jpeg,image222.jpeg
359,/images/question_359.jpeg,image223.jpeg
360,/images/question_360.jpeg,image224.jpeg
361,/images/question_361.jpeg,image225.jpeg
362,/images/question_362.jpeg,image226.jpeg
363,/images/question_363.jpeg,image227.jpeg
364,/images/question_364.jpeg,image228.jpeg
365,/images/question_365.jpeg,image229.jpeg
366,/images/question_366.jpeg,image23.jpeg
367,/images/question_367.jpeg,image230.jpeg
368,/images/question_368.jpeg,image231.jpeg
369,/images/question_369.jpeg,image232.jpeg
370,/images/question_370.jpeg,image233.jpeg
371,/images/question_371.jpeg,image234.jpeg
372,/images/question_372.jpeg,image235.jpeg
373,/images/question_373.jpeg,image236.jpeg
374,/images/question_374.jpeg,image237.jpeg
375,/images/question_375.jpeg,image238.jpeg
376,/images/question_376.jpeg,image239.jpeg
377,/images/question_377.jpeg,image24.jpeg
378,/images/question_378.jpeg,image240.jpeg
379,/images/question_379.jpeg,image241.jpeg
380,/images/question_380.jpeg,image242.jpeg
381,/images/question_381.jpeg,image243.jpeg
382,/images/question_382.jpeg,image244.jpeg
383,/images/question_383.jpeg,image245.jpeg
384,/images/question_384.jpeg,image246.jpeg
385,/images/question_385.jpeg,image247.jpeg
386,/images/question_386.jpeg,image248.jpeg
387,/images/question_387.jpeg,image249.jpeg
388,/images/question_388.jpeg,image25.jpeg
389,/images/question_389.jpeg,image250.jpeg
390,/images/question_390.jpeg,image251.jpeg
391,/images/question_391.jpeg,image252.jpeg
392,/images/question_392.jpeg,image253.jpeg
393,/images/question_393.jpeg,image254.jpeg
394,/images/question_394.jpeg,image255.jpeg
395,/images/question_395.jpeg,image256.jpeg
396,/images/question_396.jpeg,image257.jpeg
397,/images/question_397.jpeg,image258.jpeg
398,/images/question_398.jpeg,image259.jpeg
399,/images/question_399.jpeg,image26.jpeg
400,/images/question_400.jpeg,image260.jpeg
401,/images/question_401.jpeg,image261.jpeg
402,/images/question_402.jpeg,image262.jpeg
403,/images/question_403.jpeg,image263.jpeg
404,/images/question_404.jpeg,image264.jpeg
405,/images/question_405.jpeg,image265.jpeg
406,/images/question_406.jpeg,image266.jpeg
407,/images/question_407.jpeg,image267.jpeg
408,/images/question_408.jpeg,image268.jpeg
409,/images/question_409.jpeg,image269.jpeg
410,/images/question_410.jpeg,image27.jpeg
411,/images/question_411.jpeg,image270.jpeg
412,/images/question_412.jpeg,image271.jpeg
413,/images/question_413.jpeg,image272.jpeg
414,/images/question_414.jpeg,image273.jpeg
415,/images/question_415.jpeg,image274.jpeg
416,/images/question_416.jpeg,image275.jpeg
417,/images/question_417.jpeg,image276.jpeg
418,/images/question_418.jpeg,image277.jpeg
419,/images/question_419.jpeg,image278.jpeg
420,/images/question_420.jpeg,image279.jpeg
421,/images/question_421.jpeg,image28.jpeg
422,/images/question_422.jpeg,image280.jpeg
423,/images/question_423.jpeg,image281.jpeg
424,/images/question_424.jpeg,image282.jpeg
425,/images/question_425.jpeg,image283.jpeg
426,/images/question_426.jpeg,image284.jpeg
427,/images/question_427.jpeg,image285.jpeg
428,/images/question_428.jpeg,image286.jpeg
429,/images/question_429.jpeg,image287.jpeg
430,/images/question_430.jpeg,image288.jpeg
431,/images/question_431.jpeg,image289.jpeg
432,/images/question_432.jpeg,image29.jpeg
433,/images/question_433.jpeg,image290.jpeg
434,/images/question_434.jpeg,image291.jpeg
435,/images/question_435.jpeg,image292.jpeg
436,/images/question_436.jpeg,image293.jpeg
437,/images/question_437.jpeg,image294.jpeg
438,/images/question_438.jpeg,image295.jpeg
439,/images/question_439.jpeg,image296.jpeg
440,/images/question_440.jpeg,image297.jpeg
441,/images/question_441.jpeg,image298.jpeg
442,/images/question_442.jpeg,image299.jpeg
443,/images/question_443.jpeg,image3.jpeg
444,/images/question_444.jpeg,image30.jpeg
445,/images/question_445.jpeg,image300.jpeg
446,/images/question_446.jpeg,image301.jpeg
447,/images/question_447.jpeg,image302.jpeg
448,/images/question_448.jpeg,image303.jpeg
449,/images/question_449.jpeg,image304.jpeg
450,/images/question_450.jpeg,image305.jpeg
451,/images/question_451.jpeg,image306.jpeg
452,/images/question_452.jpeg,image307.jpeg
453,/images/question_453.jpeg,image308.jpeg
454,/images/question_454.jpeg,image309.jpeg
455,/images/question_455.jpeg,image31.jpeg
